{"cameraMode":{"drawMode":0,"name":"Shaded","section":"Shading Mode"},"sceneLighting":true,"audioPlay":false,"sceneViewState":{"m_AlwaysRefresh":false,"showFog":true,"showSkybox":true,"showFlares":true,"showImageEffects":true,"showParticleSystems":true,"showVisualEffectGraphs":true,"m_FxEnabled":true},"in2DMode":false,"pivot":{"x":2.4172422885894777,"y":4.268015384674072,"z":2.8763608932495119},"rotation":{"x":0.005690969526767731,"y":-0.00690141087397933,"z":-0.000045124579628463835,"w":-0.9999760389328003},"size":2.6680307388305666,"orthographic":false}